URL;기사 제목;소제목;본문 내용
https://www.bbc.com/korean/articles/cd9xx9gzdpeo;'탄핵 투표하러 가장 먼저 돌아온' 국힘 김예지 단독 인터뷰;당론 어기며 탄핵안 투표한 이유 '계엄령, 참담함을 느꼈다' 탄핵 소추안 '재발의' 된다면;"""마음이 무거웠고 긴장도 굉장히 많이 했습니다."" 국민의힘 김예지 의원은 어제저녁, 탄핵 투표에 참석한 것에 대한 심경을 이렇게 표현했다. 그는 8일 BBC 코리아에 다른 여당 의원들과 퇴장했다가 먼저 돌아왔던 연유를 최초로 밝혔다. ""우리 당이 만들어서 세운 대통령을 탄핵 소추하는 안건에 대해서 표결을 해야 된다는 정말 무거운 마음이 하나 있었고, 당론을 어긴 것에 대한 두 번째 무거운 마음이 있었습니다"" 김 의원은 7일 있었던 윤석열 대통령에 대한 탄핵소추안 표결 과정에서 국민의힘 의원들이 줄줄이 퇴장한 가운데 가장 먼저 뛰어 돌아와 표결에 참여했다. 그는 첫 여성 시각장애인 국회의원으로 피아니스트 출신으로, 비례대표만으로 재선한 인물이다. 김 의원을 비롯해 투표에 참여한 여당 의원은 안철수 의원과 김상욱 의원 세 명이다. 안 의원은 본회의 전부터 윤석열 대통령이 퇴진 일정을 수립하지 않을 경우 탄핵 찬성 입장을 유지하겠다고 밝혔지만, 김예지 의원은 아니었다. 퇴장하고 난 후, 당시 상황에 대해 그는 구체적으로 말할 순 없다면서도 한 마디로 '혼란스러움'이라고 표현했다. 그의 목소리에도 약간의 떨림이 묻어났다. ""거의 발 디딜 틈 없을 만큼 인파가 많았고, 밖에서 탄핵하라고 외치시는 시민 분들이 이미 많이 들어와 계셨고 방송 기자님들도 많았고…. 다양하게 혼란스러운 상황들이 있었습니다. "" 김 의원은 여당 내에서 돌아가는 것을 말리는 목소리가 있었느냐는 질문에 대해선 ""그런 것은 없었다""고 선을 그었다. 사진 출처,
뉴스1 김예지 의원은 왜 '표결에 참여하지 않기로 한' 당론을 어기면서까지 투표에 참여한 것일까. 그는 ""어제 토요일 탄핵 표결이 있던 날 (대통령) 담화를 보고 혼란을 막는 방법이 탄핵을 부결시키는 방법만 있지는 않겠다라는 생각을 했다""며 ""무엇보다도 제 주변 시민 여러분들의 목소리를 그냥 간과할 수가 없었다""고 말했다. 투표 후은 반응은 감당하기 어려울 정도다. 김예지 의원은 ""당원분들로부터의 정말 대응할 수 없을 만큼의 안 좋은 문자와 음성 메시지들이 많은데 '이제 나가라', '사퇴해라' 등의 이야기도 많다""고 했다. 그러면서 ""변명이라고 하고 싶지는 않지만 단순히 '나는 당론을 어길 거야' 해서 어긴 것이 아니라고 말씀드리고 싶고, 저는 항상 국회의원으로서의 책무를 먼저 생각한 것""이라고 말했다. 그는 당시 안에 있던 야당 의원들에 대해선 이렇게 말했다. ""제가 좀 깜짝 놀랐던 것은 표결할 때 '와주셔서 감사합니다'라는 말씀을 하시더라고요. 야당을 위해서 온 건 아닌데하는 의문이 들었지만...다만 저는 감사를 받을 자격은 없고요. 제가 대리해야 하는 시민분들을 대신해서 들어간 것이기 때문에 그냥 너무 당연한 일을 한 것이었습니다."" 김 의원 이후 본회의장에 돌아온 김상욱 의원에 대해선 '동지 의식'이 들었다고 했다. ""당론을 어겼지만, 이제 저랑 같은 마음으로 오신 분이 있었구나라는 안도감이랄까 또 동지 의식이 들었습니다."" 그는 무기명 방식인 투표 내용을 알리는 것이 옳지 않다고 본다면서도 탄핵 가결표에 '찬성표'를 던졌다고 했다. 그는 지난 3일, 비상계엄령이 발동했을 당시, 다른 의원들처럼 국회로 뛰어갔다. 그 역시 담을 넘어서 본회의장에 가려 했지만 불가능한 상황이었다. 앞서 4일 김 의원은 페이스북에 당시 상황에 대해 ""늘 배리어프리의 중요성을 외쳤던 제가 물리적 '배리어'를 느끼는 암담하고 절박한 순간이었다""고 묘사했다. 그러면서 ""몸은 장벽으로 본회의장에 함께할 수 없었지만, 비상계엄 해제 결의에 대한 마음은 이미 찬성 버튼을 백만 번은 더 눌렀던 것 같다""고 했다. 그는 계엄령이 장애인들에겐 얼마나 더 두렵고 절박한 상황이 될 수 있는지를 이번에 경험하며 ""참담함을 느꼈다""고 했다. ""청각장애인 분들 같은 경우에는 계엄 선포조차 수어 통역이 되지 않고, 자막이 나오지 않아서 전혀 알 수가 없었어요. 비상계엄이 전시 상황은 아니었기 때문에 다행이지만 정말 전시 상황이었다면 이분들이 어떻게 대피를 해야 될지 그리고 어떤 상황인지조차 판단하시지 못했을 수도 있겠다는 무거운 마음이 들었습니다."" 사진 출처,
국회의장실 제공 김예지 의원에 따르면 현재 국민의힘 내부 분위기를 ""혼란스러움 속에서도 수습을 하려고 노력 중""이라고 묘사했다. ""저는 여기 온 지 4년 반 정도 됐지만 20년 넘게 당을 지켜오신 의원님들은 당이 무너질까 봐 더 어려워질까 하며 우려하는 생각들을 많이 하고 계신 것 같습니다. 그 외에도 우리 당이 거듭났으면 하는 그런 개혁의 목소리들도 있고요."" 국민의힘 초재선 소장파 의원들과 앞서 제안했던 임기단축 개헌 관련해선 당시 국정을 안정시키기 위해 고심했던 방안이었다고 설명했다. ""우선은 국정·경제·외교 안정화가 필요하기 때문에 거기에 맞는 조치를 당과 대통령께서 빨리 좀 신속하게 조치를 하시는 것이 우선이 되어야 되고, 개헌이라든가 또 다른 옵션에 대해서는 여야 합의가 필요하기 때문에 함께 논의를 해야 한다고 생각을 합니다."" 그는 인터뷰 중간중간 들리는 국회의사당 앞에서 항의하는 시민들의 목소리가 들릴 때 잠깐 멈추기도 했다. 그는 국민께 '죄송하다'고 했다. ""여기 굉장히 잘 지금도 들립니다. 밖에서 계속 말씀을 하시죠. 어제는 더 잘 들렸고요. 정부 여당 의원의 한 사람으로서 국민들께서 표를 주셔서 이렇게 일을 하라고 명하신 심부름꾼의 한 사람으로서 굉장히 죄송하다는 말씀을 드리고 싶습니다."" 현재 탄핵 소추안이 폐기된 상황에서 야당은 재발의를 계획하고 있다. 그때도 같은 행동을 할 것이냐는 물음에 김 의원은 ""탄핵안 재발의 여부와 관계없이 의견은 제 생각과 또 민의를 반영한다는 마음은 같습니다"" 또다시 돌아와서 같은 내용의 표를 던지겠냐고 하자 이런 답이 돌아왔다. ""단지 제가 말씀드릴 수 있는 건…. 국회의원의 책무에만 신경 쓰겠습니다."""
https://www.bbc.com/korean/articles/cq8qqe770edo;조경태 단독 인터뷰 '내가 탄핵에 반대하는 이유';;"대통령 탄핵소추안이 국회 본회의에서 부결된 가운데, 6선 중진 조경태 국민의힘 의원이 ""정상적인 대한민국 사회가 형성되기 위해 대통령이 하루빨리 물러나야 한다""고 밝혔다. 조경태 의원은 7일 서울 여의도 국회에서 가진 BBC 코리아와의 인터뷰에서 ""더 이상 대통령이 대통령으로서 기능하지 못한다면 본인 스스로 퇴진하는 것이 정국 안정에 크게 도움이 될 것""이라며 이같이 말했다. 이날 오후 열린 본회의에서 조경태 의원 등 대부분의 국민의힘 의원들은 탄핵소추안 표결 직전 단체 퇴장했다. 대통령 탄핵소추안의 가결 요건은 '재적 의원 3분의 2 이상 찬성'이기 때문에 200명이 필요한 상태였다. 결국 탄핵소추안은 정족수 미달로 부결됐다. 조 의원은 소속 의원 대부분이 탄핵에 반대한 것과 관련해 ""대통령의 비상계엄 선포에 대해 대다수 의원들은 옳지 못한 행동이었고, 잘못된 행동이었다고 인정을 하고 있다""면서도 ""다만 대통령의 잘못된 행태를 '탄핵'이라는 수단을 선택했을 경우, 조기 대선을 하게 되고 그러다 보면 100% 야당에 정권을 빼앗긴다는 그런 불안감도 함께 혼재하고 있다""고 설명했다. 전날까지 '탄핵 찬성' 입장을 밝혔던 조 의원은 이날 오전 윤석열 대통령 담화 직후 탄핵 반대 입장으로 선회했다. 이에 대해 조 의원은 ""사실 탄핵안에 대해 어제까지는 비상계엄에 대한 대통령의 공식적인 대국민 사과, 후속 조치에 대해서 아무런 말이 없었기 때문에, 단호하게 대통령 탄핵안에 찬성하려고 마음을 먹고 있었다""며 ""하지만 오늘 대통령 사과와 조기 퇴진에 대한 한동훈 대표의 입장이 변화에 영향을 미쳤다""고 설명했다. 앞서 윤 대통령은 이날 오전 대국민 담화에서 비상계엄 선포에 대해 ""매우 송구스럽게 생각하며 많이 놀라셨을 국민 여러분께 진심으로 사과드린다""며 ""저의 임기를 포함해 앞으로의 정국 안정 방안은 우리 당에 일임하겠다""고 했다. 조경태 의원은 '대통령 조기 퇴진' 방식에 대해서는 ""불법적이고 위헌적인 비상계엄에 대한 수사를 통해 대통령이 조기 퇴진을 할 수 있게 하는 방법, 2선으로 대통령이 물러난 뒤 책임총리를 통해서 대통령의 실질적인 직무를 중지시키는 방법, 날짜를 정해서 예를 들어서 1년 안에 하야하는 식으로 퇴진하는 방법"" 등을 제안했다. 이날 조 의원은 인터뷰 내내 윤석열 대통령에 대한 작심 발언을 이어갔다. 특히 그는 ""문민정부 이후사상 초유의 비상계엄이라는 것을 우리 국민들께서 실질적으로 경험했기 때문에 저는 엄청난 충격을 맞이했다""며 ""대한민국이 이른바 '선진 국가'임에도 불구하고 이런 비상계엄이 나타남으로써 대내외적으로 국격이 많이 훼손된 측면도 있기에 윤석열 대통령은 너무도 큰 역사적 죄를 지었다""고 지적했다. 이날 탄핵안이 부결됨에 따라 더불어민주당은 오는 11일 탄핵안 처리를 재추진할 예정이다. 앞서 이재명 대표는 전날 BBC 코리아와의 인터뷰에서 '탄핵안이 부결될 경우 어떻게 할 것이냐'는 질문에 ""단판 승부가 아니기 때문에 한 번에 어떤 결정에서 실패한다고 해서 포기하지는 않을 것""이라며 재발의에 나서겠다고 밝혔다. 조경태 의원은 야당이 2차 탄핵안을 상정할 가능성에 대해 ""민주당은 2차 탄핵안을 다시 올릴 것이고, 2차 탄핵안이 부결이 되면 또 3차 탄핵안 등 계속 탄핵안을 올릴 것""이라고 예상했다. 조경태 의원은 다만 ""2차 탄핵안을 올리기 전까지는 시간적 여유가 있다""며 ""이 시간에 여야 대표가 만나 거국 내각을 구성한다면 정국 안정화에 크게 도움이 될 것""이라며 ""그럼에도 다음번까지 변화가 없다면 저는 당연히 2차 탄핵안 표결 때에는 찬성표를 던지겠다""고 강조했다. 조 의원은 이날 민주당을 향해서도 쓴소리를 했다. 그는 ""사실 민주당이 입법 독주 이후, 예산 삭감, 그리고 자신들이 마음에 안 드는 감사원장 탄핵, 그리고 검사들에 대한 탄핵 등 이러한 패악질을 아주 많이 했다""며 ""자신들이 가지고 있는 권력과 권한을 최대한 활용해서 정말 해서는 안 되는, 야당으로서 정말 경험하지 못한 그런 여러 가지 패악질을 많이 했다""고 비난했다. 그는 이어 ""하지만 그것은 많은 국민들이 지켜보고 있었고, 많은 국민들께서 '저 다수당 즉 무도한 다수당을 심판해야겠다, 가만히 둬서는 안 되겠다'는 생각을 하고 있었고, 거기에 대한 분노의 수치가 계속 올라가고 있었다""며 ""하지만 비상계엄이라는 아주 비상식적이고 황당한 그런 대통령의 잘못된 판단에 의해 야당의 잘못된 행태들을 다 희석화시켜버렸다는 것은 정말 가슴이 아프고, 여당의 일원으로서 너무 화가 많이 난다""고 성토했다. 조 의원 또 ""사실 대통령이 우리 여당의 엑스맨""이라며 ""이런 대통령에 대해서 저는 정말 이해가 안 되고, 화가 많이 난다""고 거듭 비판했다. 조 의원은 이날 의원들이 대통령 탄핵 반대를 당론으로 정하고 본회의장을 퇴장하기로 결정한 데 대해 ""지금 다수 의원의 고민 중에 하나는 이재명 민주당 대표의 사법 리스크""라며 ""이 대표는 선거법 위반으로 1심에서 유죄를 받았고, 이제 2심, 3심이 남았는데, 일단 유죄 받은 분이, 더군다나 선거법 위반으로 유죄 받은 분이 과연 대선에 나오는 게 사회 정의에 맞는지에 대한 그런 깊은 고민들이 있었다""고 당내 분위기를 전했다. 그는 이어 ""가능하다면 이재명 대표가 재판 선고 이후에 대선에 나서는 것이 가장 공정한 선거가 아니겠느냐하는 게 많은 의원들, 많은 시민들의 생각""이라며 ""만약에 (대통령이) 탄핵된다면 일부 많은 시민들의 생각은 99.9% 더불어민주당 이재명 대표에게 정권을 내놓는다는 그런 불안감들이 많이 작용하고 있다""고 했다. 한동훈 대표와 야당을 향해서는 ""조금 더 신속하게 발빠르게 이 상황 수습을 위해서 노력해야 되고, 그러려면 구체적인 계획, 로드맵이 나와야 한다""며 ""야당 절대 다수를 가지고 있는 야당 역시도 이 혼란을 계속 이용하려고 하지 말고, 안정화시키는 데 적극적으로 협력해야 한다""고 촉구했다. 나아가 ""우리 국민들이 극히 비상식적이고 황당한 비상계엄 대해서 얼마나 놀라셨는지, 국민의 상처와 분노를 저는 너무도 잘 알고 있다""며 ""여당의 한 사람으로서 여야가 이번 기회에 힘을 모아서 좀 더 정국 안정에 보탬이 될 수 있도록 함께 노력했으면 좋겠다""고 강조했다."
https://www.bbc.com/korean/articles/c75w6rn5kw0o;윤석열 대통령은 왜 갑작스럽게 비상계엄을 선포했을까;어떻게 전개됐나 계엄령이란? 야당이 반발하는 이유는? 6시간만에 계엄 해제;"사진 출처,
REUTERS 점점 커지는 정치적 압박 속에서 한국 윤석열 대통령은 3일 밤 한국 민주주의 역사상 약 50년 만에 처음으로 비상계엄을 선포했으나, 6시간만에 계엄 해제를 선언했다. 밤 10시 25분쯤 전국 텔레비전을 통해 이루어진 이번 비상계엄 선포는 국가 안보와 북한의 위협을 언급했지만, 곧 윤 대통령이 일련의 정치적 실패에 대응하기 위해 이러한 극단적인 조치를 취한 것임이 드러났다. 전문가들은 윤 대통령이 정치적 공격을 방어하기 위한 전술로 군사 통치인 계엄령을 발동할 수밖에 없는 상황에 몰렸다고 분석하고 있다. 하지만 이번 비상계엄 선포는 즉각적으로 국회 밖에서 시위를 촉발했고, 국회의원들은 몇 시간 만에 해당 조치를 불법으로 간주하고 비상계엄 해제 요구 결의안을 통과시켰다. 이에 윤 대통령은 새벽 4시 30분 쯤께 용산 대통령실에서 생중계 담화를 통해 비상계엄의 공식적인 해제를 선언했다. 윤 대통령은 3일 밤 야당의 정치적 공격을 언급한 후 ""혼란을 초래하는 반국가 세력을 척결하겠다""며 비상계엄을 선포했다. 이로 인해 군이 일시적으로 통치를 맡게 되었고, 국회에는 병력과 경찰이 배치되었으며 헬리콥터가 국회의사당 지붕에 착륙하는 모습이 목격됐다. 군은 또한 모든 국회 및 정치 단체의 집회를 금지한다고 발표했으며, 언론 출판물 역시 군의 통제 하에 놓이게 될 것이라고 선언했다. 그러나 야당은 윤 대통령의 선언을 즉각 불법적이며 헌법에 위배된다고 비난했다. 윤 대통령의 소속당인 보수 정당 국민의힘의 당 대표조차도 윤 대통령의 행동을 ""잘못된 조치""라고 지적했다. 한편, 야당 대표인 이재명 더불어민주당 대표는 민주당 의원들에게 국회로 모여 계엄령 선포를 무효화하는 표결을 진행할 것을 촉구했다. 그는 또한 일반 시민들에게도 국회 앞에 모여 시위에 동참해 줄 것을 요청했다. 이 대표는 ""이제 곧 탱크와 장갑차, 총칼을 든 군인들이 이 나라를 지배하게 된다""면서 ""국민 여러분은 국회로 와달라""고 말했다. 수백 명의 시민들이 이 요청에 응답해 삼엄한 경비가 이뤄진 국회 밖에 모였다. 시위대는 ""계엄령 반대! 계엄령 반대!""를 외치며 목소리를 높였다. 현장에서 중계하던 한국 언론들은 국회 입구에서 시위대와 경찰 간 약간의 충돌이 있었다고 보도했지만, 중무장한 군 병력이 있음에도 불구하고 긴장은 폭력 사태로 이어지지 않았다. 국회의원들 또한 방어벽을 피해 국회의사당 내부 투표실로 진입할 수 있었다. 4일 새벽 1시가 조금 지나, 국회는 전체 300명 의원 중 190명이 참석한 가운데 윤 대통령의 비상계엄 선포를 무효화하는 표결을 진행했다. 비상계엄 해제 요구 결의안은 190명 전원이 찬성해 가결됐다. 사진 출처,
REUTERS 계엄령은 비상 상황에서 민간 당국이 제 기능을 하지 못할 때 군 당국이 통치권을 행사하는 임시 체제를 의미한다. 한국에서 계엄령이 마지막으로 선포된 것은 1979년으로, 당시 장기 군사 독재자였던 박정희 대통령이 쿠데타 중 암살되었을 때였다. 이후 1987년 한국이 의원내각제를 채택한 민주주의 국가로 전환한 이후 계엄령은 한 번도 발동된 적이 없었다. 하지만 3일 윤석열 대통령은 ""반국가 세력으로부터 대한민국을 지키기 위해""라는 이유를 들어 계엄령을 발동하며 이 위험한 장치를 다시 꺼냈다. 윤 대통령은 이전 대통령들보다 북한에 대해 훨씬 강경한 입장을 취해 온 인물로, 정치적 야당을 증거 없이 ""북한에 동조하는 세력""이라고 지칭한 바 있다. 계엄령이 발동되면 군대에 추가적인 권한이 부여되며, 시민의 민권과 법적 보호 기준이 정지되는 경우가 자주 발생한다. 사진 출처,
REUTERS 윤석열 대통령은 2022년 5월 취임했지만, 지난 4월 야당이 총선에서 압도적인 승리를 거둔 이후 사실상 ‘레임덕’ 상태에 빠졌다. 그 이후로 윤 정부는 원하는 법안을 통과시키지 못했고, 대신 야당이 통과시킨 법안을 거부하는 데 그쳤다. 윤 대통령의 지지율도 하락세를 보이고 있으며, 몇 건의 부패 스캔들에 휘말려 비난을 받아왔다. 그중 하나는 영부인이 명품 브랜드 디올의 가방을 받은 사건이며, 또 다른 하나는 주식 조작과 관련된 논란이다. 지난달 윤 대통령은 이와 관련해 전국 방송을 통해 사과하며 영부인의 직무를 감독할 사무실을 설립하겠다고 밝혔다. 하지만 야당이 요구한 더 광범위한 조사는 거부했다. 이번 주에는 야당이 윤 정부의 예산을 대폭 삭감하는 법안을 제안했다. 예산안은 대통령이 거부권을 행사할 수 없는 법안이다. 동시에 야당은 영부인에 대한 조사를 실패한 책임을 물어 내각 구성원들과 정부 감사원장을 포함한 주요 검사들의 탄핵도 추진했다. 사진 출처,
REUTERS 사진 출처,
REUTERS 윤 대통령은 계엄 선포 6시간만에 ""어젯밤 11시를 기해 국가의 본질적 기능을 마비시키고 자유민주주의 헌정 질서를 붕괴시키려는 반국가세력에 맞서 결연한 구국의 의지로 비상계엄 선포했다""며 ""그러나 국회의 계엄 해제 요구가 있어 계엄 사무에 투입된 군을 철수시켰다""고 말했다. 윤 대통령은 또 ""즉시 국무회의를 소집했지만, 새벽인 관계로 아직 의결정족수가 충족되지 못해서 오는 대로 바로 계엄을 해제하겠다""고 설명했다. 정부는 이날 오전 4시 30분 국무회의를 통해 '계엄 해제안'을 의결했다고 발표했다. 한편, 야당은 비상계엄 해제만으로는 부족하다며 즉각적인 탄핵 절차에 착수할 가능성을 언급하는 등 윤 대통령에 대한 비판 강도를 최고조로 끌어올렸다. 윤석열 대통령의 계엄령 선포는 많은 사람들을 충격에 빠뜨렸고, 몇 시간 만에 빠르게 전개된 상황은 나라 전체를 흔들어 놓았다. 하지만 야당은 신속히 국회에 집결하여 계엄령 선포를 무효화하는 표결을 진행할 수 있었다. 한국법에 따르면, 국회의 과반수가 계엄령 해제를 요구하는 표결을 하면 정부는 이를 철회해야 하며, 계엄 사령부가 국회의원을 체포하는 것도 금지되어 있다. 윤 대통령의 돌발적인 행동은 스스로를 현대 민주주의 국가로 자부하는 한국 사회에 큰 충격을 안겼다. 이는 독재 시절 이후 민주주의 사회로 도약한 한국에서 몇 십 년 만에 최대의 도전으로 여겨지고 있다. 우원식 국회의장은 4일 다음과 같이 선언하며 국민과 함께 민주주의를 지켜나갈 것을 다짐했다. ""국민과 함께 민주주의 헌정 질서를 반드시 지켜낼 것입니다."""
https://www.bbc.com/korean/articles/c5y8xwq721go;때마다 남남갈등 노린 북한... 이번에는 왜 조용할까?;북한, 왜 잠잠할까 과거 북한이 벌인 대남 투쟁은? 북한의 대남∙대미 비난은 '체제 유지 수단';"사진 출처,
REUTERS 한국 윤석열 대통령에 대한 탄핵 정국이 급물살을 타는 가운데 의외로 북한이 아무런 반응을 내놓지 않고 있어 그 귀추가 주목된다. 앞서 북한은 2017년 3월 헌법재판소의 박근혜 대통령 탄핵 인용 결정, 2004년 5월 노무현 대통령 탄핵 기각 결정 당시에는 발빠르게 관련 소식들을 보도했다. 비상계엄을 비롯해 한국 내 혼란스러운 상황을 이용한 북한의 대남 정치투쟁은 역사적으로도 깊은 사실이다. 4.19 혁명과 5.16 군사정변, 10월 유신 등이 대표적이다. 북한은 이러한 남측 상황들을 어떻게 이용하려 했을까? '윤석열 퇴진'을 매일같이 전하던 북한. 하지만 비상계엄 사태 나흘째인 6일까지 북한 관영 조선중앙통신과 조선중앙TV, 노동당 기관지 노동신문 등에는 윤 대통령의 비상계엄 선포와 해제, 그 파장 등에 관한 소식이나 반응이 실리지 않았다. 5일자 노동신문에는 비상계엄이 언급되지 않은 것은 물론 남쪽 시민사회의 '윤석열 퇴진' 집회·성명·선언도 전혀 다뤄지지 않았다. 통상 노동신문은 주 1회 정도 6면을 할애해 윤석열 퇴진 집회 등 반정부 단체들의 동향 등을 대남 적개심 고취 차원에서 보도해왔는데 지난달 하순 이후로는 거의 매일 실릴 정도로 빈도가 높아졌다. 이달 들어서는 1일에 '괴뢰한국의 서울대학교 교수들 윤석열 괴뢰 퇴진을 요구', 2일 '괴뢰한국에서 윤석열괴뢰퇴진을 요구하는 범국민항의행동 전개', 3일 '괴뢰한국 종교인들 윤석열 괴뢰 퇴진을 위한 시국선언운동에 합세', 4일에는 '괴뢰한국 단체들 윤석열 퇴진과 파쇼 악법 폐지를 요구' 등 하루도 빠짐없이 관련 기사가 실렸다. 때문에 북한이 3일 밤늦게 터진 한국의 비상계엄 사태를 곧장 대남 비난 소재로 이용할 수 있다고 예상됐지만 아직까지 잠잠한 것. 이와 관련해 한국의 전문가들은 북한이 도발이나 군사적 공세를 벌이기보다는 물밑에서 남남갈등을 이용할 것이라는 데 의견을 같이 했다. 정성장 세종연구소 한반도전략센터장은 BBC에 ""북한이 아직 입장을 정리 중일 것""이라며 한국에 대한 부정적인 이미지를 확산시키는 차원에서 이번 비상 계엄 사태를 적극적으로 활용할 가능성이 크다""고 전망했다. 북한 주민들이 갖고 있는 한국에 대한 환상을 없애는 차원에서 대남 정치투쟁을 강화할 것이라는 설명이다. 그는 ""조만간 북한이 윤석열 정부를 격렬하게 비난하는 성명을 발표하거나 선전활동을 할 것""이라며 ""윤 대통령이 낮은 지지도를 만회하기 위해 내란을 일으켰으니 체포해서 감옥이 집어넣어야 된다는 식으로 선전선동을 할 가능성이 충분하다""고 평가했다. 박형중 한국통일연구원 선임연구위원은 ""북한이 원하는 것은 한국 내 혼란이 장기화되어 한국이 약화되고 경우에 따라 북한에 유리한 정치세력이 득세하는 것""이라면서 ""북한 입장에서 가장 좋은 것은 한국의 분열 상태가 오래 가는 것""이라고 말했다. 김대중 정권 통일부 장관을 지낸 강인덕 경남대 석좌교수도 ""이데올로기, 즉 보이지 않는 선전선동을 통해 중상모략을 할 가능성이 충분하다""며 ""그렇게 함으로써 한국 내 사회적 혼란을 가중시키는 것이 북한의 전략""이라고 설명했다. 아울러 ""특정 세력의 반정부 시위 등을 통해 한국의 모든 사회 문제를 윤석열 정부의 책임으로 돌리고 정치 투쟁으로 연결시키는 것이 바로 북한의 통일전선 강화""라고 강조했다. 앞서 북한은 2017년 3월 헌법재판소의 박근혜 대통령 탄핵 인용 결정 당시 조선중앙통신과 조선중앙TV 등을 통해 2시간 20분만에 신속하게 사실을 보도했다. 또한 지난 2004년 5월 14일 노무현 대통령 탄핵 기각 결정 당시에는 이틀 후 북한 조국평화통일위원회 서기국의 보도문이 조선중앙방송을 통해 공개한 바 있다. 1960년 4·19 혁명 1960년 4월 19일에 절정을 이룬 한국 학생들이 주도한 일련의 반부정·반정부 항쟁이다. 당시 학생들은 북한과 통일을 해야 한다며 북한과의 협상을 추진했다. 당시 한국에는 ""가자 북으로, 오라 남으로""라는 슬로건이 내걸리기도 했다고. 박형중 선임연구위원은 ""그때 북한이 남측에 통일 문제를 진지하게 논의하자고 제안하면서 고려연방제가 처음 나왔다""고 설명했다. 골자는 활발한 남북 교류 협력. 당시만 해도 북한이 한국보다 내부적으로 훨씬 안정되어 있고 경제적으로도 앞선 것으로 판단되었기 때문에 이를테면 북측에서 체제 우위를 내세워 통일 문제를 강조하면서 교류 협력을 활발하게 하자는 식의 이야기를 했다는 것이다. 김진무 숙명여대 교수는 ""당시 대학생들이 북한과 협상해야 한다며 휴전선까지 올라갔고 대학 교수들도 북한과 통일해야 한다며 시국 선언을 하기도 했다""면서 ""남측에서 반공 정책을 철폐하겠다고 하니 북한에서는 당연히 좋아할 수밖에 없었다""고 말했다. 5.16 군사정변 1961년 5.16 군사정변은 1961년 5월 16일 당시 박정희 소장을 비롯한 육군장교들이 일으킨 군사 쿠데타를 말한다. 쿠데타 이후 북한은 남한에서의 혁명 투쟁을 확대시키기 위해 '통일혁명당'을 만들었다. 김진무 교수는 ""박정희 대통령이 원래는 남로당(공산주의정당) 출신이었고, 북한이 이를 활용하기 위해 정치 공세를 펼친 사건""이라며 ""박정희와 친했던 사람이 김일성의 밀명을 받고 남으로 내려와 '통일을 도모'하려 했기 때문에, 즉 북한이 박정희를 포섭해 통일을 추진하려 했기에 1963년 민정 이양하면서 대통령 선거에 출마한 박정희의 사상이 큰 이슈가 됐었다""고 전했다. 정성장 센터장은 ""이후 5.18 민주화 항쟁 당시 수많은 유혈 사태가 있었고 그 다음에 북한이 기존의 통일혁명당을 한국 민족민주전선으로 확대해 보다 대중적인 반정부 단체 활동으로 선전선동했다""고 설명했다. 월남전 + 북한 무장공비 침투 강인덕 석좌교수는 북한이 1960년대 본격적인 대남 혁명 역량 강화 전략을 수행했다고 평가했다. 체제 경쟁이 극심해지면서 '김신조'로 대표되는 북한의 무장공비 남파 작전이 이어졌다는 것. 그는 당시 중앙정보부 북한과장을 맡고 있었다. 그는 ""1960년대는 한국군의 월남 파병이 이뤄지던 때로, 북한이 대남 무장투쟁을 벌이기에 최적의 기회였다""고 회상했다. 맹호, 백마부대 등 정예부대를 포함해 합산 30만 명의 한국군이 잇따라 월남전에 파병됐고 이 틈을 노린 북한이 무장공비를 남파했다는 설명이다. 당시 북한 무장공비 31명이 경기도 문산과 송추를 지나 서울 청와대 인근 자하문 터널에 다다랐고 종로경찰서 소속 경찰들과의 총격전 끝에 북측 김신조가 생포됐다. 같은 해 10월 말, 11월 초에는 강원도와 경상북도의 경계인 울진삼척으로 120명 가량의 북한 게릴랄 부대가 상륙했다. 강 교수는 ""북쪽에서 얘기하는 게릴라 활동지구 해방구를 만들기 위한 것""이라고 설명했다. 이후 1969년에만 주문진 사건, 흑산도 사건, 12월 강릉발 대한항공 납치 사건까지 북한의 대대적인 대남 공격이 이어졌다. 10월 유신 1972년 10월 17일 박정희 대통령이 위헌적 계엄과 국회해산 및 헌법정지 등을 골자로 한 대통령 특별선언을 발표한 것을 말한다. 박 대통령은 당시 4가지 비상조치를 발표하고 이러한 비상조치 국민투표로 1972년 12월 27일 제3공화국 헌법을 개정했다. 박형중 선임연구위원은 ""박정희 전 대통령이 10월 유신을 통해 체제를 강화하고 남북관계를 완전히 끊어버리니까 북한이 한국에 대해서 굉장히 적대적인 태도를 취하기 시작했다""면서 ""그 이후 박 전 대통령이 암살당하자 그때 북한이 한국에게 당국간 회담, 고위급 회담 열자고 한참 제안을 했다. 그러니까 한국의 혼란을 활용하려고 한 것""이라고 설명했다. 김진무 교수는 ""1972년 이후락 중앙정보부장이 비밀리에 북한에 가서 김일성을 만나고 7월 4일에 갑자기 7.4 공동성명이 발표됐다""며 ""당시 세상이 뒤집어졌다""고 했다. 당시 남북관계가 좋아지고 자주, 평화, 민족 대단결을 내세워 통일을 지향하면서 박정희 정권에 대한 지지도가 올라갔고 김일성 역시 주민들에게 통일에 대한 메시지를 주면서 체제 안정을 꾀했다는 것이다. 김 교수는 ""하지만 박정희 전 대통령이 유신을 선포하고 마찬가지로 북한 김일성 역시 사회주의 헌번 제정 및 김일성 유일지배체제를 확실하게 과시하는 등 양쪽 모두 독재를 강화하면서 남북대화는 물 건너 갔다""고 밝혔다. 사진 출처,
통일부 남북회담본부 학생운동 격화 1980년대는 한국 학생운동의 전성기로 평가된다. 당시 '전대협'과 '임수경'이라는 이념적 분기점을 중심으로 '반미 자주노선'이 전개됐다. 실제 1986년 서울대학교에서 '반미자주화반파쇼민주화투쟁위원회'라는 이름의 학생운동조직이 결성됐는데 이는 민족해방(NL) 계열의 학생운동 조직이다. 해당 조직 노선의 가장 큰 특징은 마르크스∙레닌 주의에 기초한 정통 사회주의 이론에서 벗어나 반미를 중심으로 한 통일운동을 노선의 중심으로 정했다는 사실이다. 이는 반미∙반제(반제국주의)를 내세우는 북한의 외교노선과 사실상 결을 같이 한다. 박형중 선임연구위원은 ""80년대 후반 주사파들이 등장했을 때 북한이 이들을 포섭하기 위해 굉장히 노력했다""며 전했다. 특히 '통일의 꽃'이라 불린 임수경 씨를 빼놓을 수 없다. 임 씨가 평양을 방문한 1989년 당시는 냉전이 끝나지 않았던 시기였고 1988년 서울올림픽 개최에 자극 받은 북한은 1989년 평양 세계청년학생축전을 개최했다. 특히 북한은 남측 학생 대표로 평양에 온 대학생 임 씨를 '통일의 꽃'이라 부르며 열렬히 환영했는데 이보다 더 좋은 체제 선전은 없을 정도였다는 것이 전문가들의 설명이다. 평양 방문을 마치고 판문점을 통해 귀환한 임 씨는 국가보안법 위반 혐의로 체포됐다. 당시 북한 조평통이 서한을 통해 임 씨의 안전 보장을 요구했다는 한국 외교부의 기밀 문서가 2021년 11월 공개되기도 했다. 이와 관련해 강인덕 석좌교수는 ""한국 내 친북세력을 단결시키는 것이 바로 북한의 통일전선이고 조평통의 역할""이라며 ""북한이 당시 서한을 보낸 것 역시 같은 맥락""이라고 짚었다. 앞서 북한은 윤석열 정부가 들어선 이후 대외선전매체를 통해 계속해서 날카로운 비난을 쏟아냈다. '철딱서니 없는 망나니'를 비롯해 '하룻강아지', '죽을 날을 재촉한다', '무모한 대결병자의 추태' 등이 대표적이다. 북한연구소장을 지낸 정영태 동양대 석좌교수는 ""북한이 선전매체를 통해 대남 공세를 퍼붓는 것은 그들만의 체제 유지 방식""이라고 말했다. 나름의 적대성 표현이자 체제 유지 방식으로, 북한 체제 특성상 늘 미국과 한국 등 비난의 대상이 존재했다는 것이다. 그는 ""문재인 전임 정부가 아무리 평화를 외치고 남북관계에서 저자세를 보였어도 북한이 결국 '삶은 소대가리'란 발언을 했듯 북한의 대남 공세 발언은 늘상 지속되는 일""이라고 덧붙였다. 실제 북한은 최근까지 '통일전선부'를 운영해왔다. 이는 대남 정보기관으로 북한의 적화통일을 추진하고 대남공작 업무를 담당하는 부서로 알려졌다. 과거 리선권 통일전선부장이 2018년 9월 남북정상회담 당시 평양을 방문한 한국 기업 관계자들에게 '냉면이 목구멍으로 넘어가냐'고 발언한 것은 잘 알려진 일화다. 하지만 북한은 지난해 5월 이를 폐지하고 해당 기능을 '노동당 중앙위원회 10국'으로 재편했다. 당시 한국 통일부는 이같은 사실을 확인하며 ""대남 심리전 등 기능은 변화 없이 수행 중""이라고 밝혔다. 그러면서 ""북한이 통일전선부 조직을 개편하면서 일부 기능에 변화를 준 것으로 보고 있다""고 부연했다."
https://www.bbc.com/korean/articles/c3e33ek3p5ko;'탄핵, 후퇴, 하야'…윤석열 대통령 퇴진 시나리오는?;탄핵 2선 후퇴 자진사퇴;"사진 출처,
REUTERS 12·3 비상계엄 사태에 책임이 있는 윤석열 대통령의 탄핵안이 여당 의원들의 불참으로 자동 폐기되면서 여야가 윤 대통령의 직무 중단 방식을 두고 갈등을 이어가고 있다. 지난 7일 국회에서 표결을 진행한 윤 대통령에 대한 탄핵소추안이 여당 국민의힘 의원들의 불참으로 의결 정족수를 충족하지 못해 자동 폐기됐다. 투표에는 우원식 국회의장과 더불어민주당 등 야당 소속 의원 191명, 그리고 여당 소속 의원 3명만이 참여했다. 우 의장은 국민의힘 의원들의 투표를 촉구하며 투표 종료 시점을 연기했으나, 결국 의결 정족수인 재적의원 3분의 2(200석)를 채우지 못해 8일 새벽 0시 48분을 기점으로 폐기됐다. 윤 대통령이 정상적으로 직무 수행을 하는 것은 불가능한 상황이라는 점에는 여야가 크게 이견이 없지만, 대통령이 직무에서 물러나는 방식을 두고 갈등이 심화하고 있다. 그렇다면 어떤 방식이 거론되고 있을까? 야당에서 강력하게 주장하고 있는 것은 대통령 탄핵이다. 야당은 오는 11일 탄핵안을 재발의한 뒤 14일에 재표결에 나서겠다는 입장이다. 이재명 더불어민주당 대표는 이날 기자회견에서 윤 대통령이 ""즉각 사퇴하거나 아니면 즉각 탄핵되어야 한다""라며 ""이 위기와 혼란을 해소하는 유일한 길""이라고 강조했다. 탄핵안 표결이 재추진될 경우 여당 입장에서 집단적인 투표 보이콧을 이어가기 부담스러울 수 있다. 이 경우 여당에서 이탈표가 추가로 발생할 가능성이 있다. 앞서 탄핵안 투표에 참여한 여당 의원 3명 중 한 명인 김상욱 의원은 투표 직후 기자들 앞에서 ""이번에는 당론에 따라 탄핵에 동의하지 않았다""면서도 ""다음 탄핵 때까지 대통령이 국민들이 받아들일 수 있는 조치를 제안하지 않는다면, 다음 탄핵 때는 탄핵에 동의하고 적극적으로 대통령께서 내려와야 한다는 의견을 피력할 생각""이라고 밝혔다. 만약 탄핵소추안이 가결될 경우 윤 대통령의 권한 행사는 즉시 정지되고 국무총리가 권한대행을 맡는다. 헌법재판소는 탄핵 심판을 개시하고, 재판관 6인 이상 찬성 시 탄핵이 선고된다. 박근혜 전 대통령의 경우 탄핵안 가결 이후 선고까지 92일이 걸렸다. 사진 출처,
REUTERS 여당에서는 2017년에 이어 또다른 대통령 탄핵이 정국을 혼란스럽게 만들 수 있다며 '질서 있는 조기 퇴진'을 주장하고 있다. 한덕수 국무총리와 한동훈 국민의힘 대표는 이날 오전 공동 담화문을 통해 ""윤석열 대통령 퇴진 전까지 국무총리가 당과 긴밀히 협의해 민생과 국정을 차질 없이 챙길 것""이라며 ""질서 있는 대통령 조기 퇴진으로 대한민국과 국민들께 미칠 혼란 최소화하면서 안정적으로 정국 수습하고 자유민주주의 바로 세우겠다""라고 밝혔다. 다만 일각에서 제기되고 있는 대통령 임기 단축 개헌이나 비상 거국내각 등 구체적인 국정 운영 방식이나 대통령의 퇴진 방법 및 시점은 밝히지 않았다. 이날 담화 내용에 따르면 윤 대통령이 당장은 직을 유지하되, 퇴진 전까지 국무총리와 집권여당이 협의해 국정을 운영해 나가겠다는 것으로, 사실상 책임총리에 가까운 형태로 풀이된다. 책임총리제는 국내법에 명시된 제도가 아니다. 여당에서는 과거 김대중 정부 시절 DJP(김대중·김종필) 연합을 통해 책임총리제에 가까운 방식으로 국정을 운영했다는 점을 들어 이러한 국정 운영이 법적으로 가능하다고 보는 이들도 있지만, 야당과 여러 헌법 전문가들 사이에서는 법적 근거가 부족하다는 지적이 끊임없이 나오고 있다. 또 한 총리가 계엄 사태와 관련해 수사를 받아야 할 대상으로 대통령 권한을 이양받기 부적절하다는 지적도 나온다. 우원식 국회의장은 이날 긴급 기자회견을 열고 ""그 누구도 부여한 바 없는 대통령의 권한을 총리와 여당이 공동행사하겠다고 하는 것은 명백한 위헌""이라며 ""지금 당장 헌법에 없는 일체의 행위를 중단하라""고 경고했다. 윤 대통령이 자진해서 물러나는 방법도 있다. 대통령이 국회에 제출한 사직서가 접수되면 즉시 효력이 발생하며, 대통령 권한은 국무총리나 권한대행으로 지정된 인물이 임시로 행사하게 된다. 이 경우 헌법에 따라 사퇴 시점부터 60일 이내에 대통령 선거를 치러야 하기 때문에 탄핵 절차를 밟는 것보다 빠르게 재선거가 치러질 수 있어 현재로서는 윤 대통령의 하야 가능성이 낮다고 보여진다. 한국 역사상 이승만 대통령, 윤보선 대통령, 최규하 대통령 등 3명의 대통령이 하야했다."
https://www.bbc.com/korean/articles/cevgg2kxg9ro;윤 대통령 탄핵안 표결 무산... 앞으로 어떻게 되나?;이제 어떻게 되나;"사진 출처,
뉴스1 윤석열 대통령의 탄핵안 표결이 무산됐다. 우원식 국회의원은 7일 밤 9시 26분 윤석열 대통령 탄핵소추안에 대한 표결 결과에 대해 ""정족수 부결로 본 안건에 대한 투표는 성립되지 않았음을 선포한다""고 말했다. 이에 해당 탄핵안은 자동폐기됐다. 앞서 국회 본회의에서 이날 오후 윤 대통령 탄핵소추안과 세 번째 김 여사 특검법이 표결 상정됐다. 먼저 표결이 이뤄진 김 여사 특검법 재표결의 경우 총투표 수 300표 중 가 198표, 부 102표로 가결되기에는 2표가 부족해 3번째 부결됨에 따라 최종 폐기됐다. 이 표결 직후 국민의힘 의원들은 자리에서 일어나 대부분 본회의장을 퇴장했다. 결국 여당 의원 중에는 안철수 의원만 본회의 장에 남아 박찬대 원내대표의 탄핵소추안 제안 설명을 들었다. 이후 국민의힘 김예지 의원, 김상욱 의원이 돌아와 무기명으로 이뤄진 탄핵소추안 투표에 참여했지만, 투표 참여 의원 수가 재적 의원 수 3분의 2 이상인 200명에 미치지 못했다. 사진 출처,
뉴스1 사진 출처,
뉴스1 그렇다면 앞으로 대통령 탄핵안은 어떻게 전개될까. 국회법 제92조는 '부결된 안건은 같은 회기 중에 다시 발의 또는 제출하지 못한다'고 규정하고 있다. 이 때문에 한 번 부결된 안건에 대해서는 같은 회귀에 재발의가 어렵다. 앞서 민주당을 포함한 범야권은 반복해서 탄핵안을 제출할 뜻을 밝혔다. 윤종군 민주당 원내대변인은 7일 오전 국회에서 기자들과 만나 ""지금 당에선 탄핵 외 다른 방법은 전혀 검토하고 있지 않다""며 ""임시국회를 짧게 짧게 소집해서라도 탄핵소추가 될 때까지 할 것""이라고 밝혔다. 정기국회 종료일이 12월 10일인 만큼 11일에 즉각 임시국회를 열어 윤 대통령 탄핵을 재추진하겠다는 것이다. 12월 임시국회를 새로 열어 탄핵안을 재발의하면 문제가 없다는 입장이다. 탄핵안은 본회의에 보고된 지 24시간 이후 72시간 이내에 표결이 이뤄져야 한다. 만약 이후 올린 탄핵안이 본회의를 통과하면 헌법 65조 3항에 따라 윤 대통령의 권한 행사는 즉시 정지되고 헌법재판소로 결정권이 넘어간다. 이 경우 한덕수 국무총리가 대통령 권한대행으로서 국정을 수행한다. 다만 현재 헌재는 3명이 공석, 6명의 재판관으로만 운영 중이라 이 체제에서 탄핵 인용이나 기각 여부를 결정할 수 있을지는 미지수다. 탄핵 결정을 인용하려면 재판관 9명 중 7명 이상의 출석으로 사건을 심리해 6명 이상의 찬성이 있어야 하기 때문이다. 민주당은 이달 안에 신임 헌법재판관 임명동의안을 처리할 방침이지만, 탄핵안 가결 시 대통령 권한대행인 한덕수 국무총리가 재판관을 임명할 수 있는지도 해석이 갈린다. 헌재에 사건 접수되면 180일 이내에 선고를 해야 한다. 하지만 과거 사례를 비추어보면 실제 선고까지의 기간은 그보다 짧을 것으로 예상된다. 고 노무현 전 대통령의 경우 탄핵안 의결 및 심판 청구부터 선고까지 63일, 박근혜 전 대통령은 92일이 걸렸다. 한편 윤 대통령 첫번째 탄핵소추안은 지난 5일 오전 0시 48분쯤 본회의에 보고됐다. 현직 대통령에 대한 국회의 탄핵소추안 표결은 지난 2016년 12월 당시 박근혜 대통령 이후 8년 만이다."
https://www.bbc.com/korean/articles/cp3zzewped2o;계엄령 이후 시국선언하고 광장으로 나온 여성들;;"윤석열 대통령의 12·3 비상계엄 선포 이후 많은 여성들이 광장으로 나서고 있다. 계엄령을 비롯해 윤 대통령 펼친 정책들이 구조적 성차별 개선에 도움이 되지 않았다는 문제 의식 때문이다. 6일 서울 광화문 광장에서는 '여성계 시국선언문'이 발표됐다. 시국선언문에는 전국 296개의 여성단체와 시민 1726명도 개인으로 이름을 올렸다. 이들은 시국선언문에서 ""윤석열은 선거 시기부터 구조적 성차별을 부정하며 여성가족부 폐지 공약을 발표하고 여성과 소수자에 대한 차별과 혐오 정서를 정치적 자원으로 활용함으로써, 대통령 당선 전부터 반민주적인 통치를 예견하게 했다""고 비판했다. 여성계는 윤 정부의 반여성·반성평등 기조를 지적하며 이것 역시 민주주의의 퇴행을 가져왔다고 말했다. 여러 정책 중에서 여성가족부 폐지 시도·여성폭력 예산 삭감·민간고용평등상담실 전면 폐지·정책 용어에서 '여성'과'성평등' 삭제 등을 지적했다. 앞서 윤 대통령은 대선후보 시절 한국일보 인터뷰를 통해 ""구조적인 성차별은 없다. 차별은 개인적 문제""라고 언급해 여성계의 우려와 비난을 산 바 있다. 이 자리에 참여했던 송란희 한국여성의전화 상임대표는 BBC 코리아에 ""계엄령으로 인해 이런 자리가 열렸지만 이건 그 전에 여성계가 내왔던 목소리의 연장선이라고 볼 수 있다""고 말했다. 그는 ""신당동 여성 살해 사건을비롯해 딥페이크 사건 등 여성의 일상을 위협하는 일들이 많았음에도 불구하고 정말 그 어떤 것도 하지 않았던 정부가 계엄까지 선포하지 이제 목소리를 낼 수 밖에 없었다""고 했다. 송 대표는 이후 사회는 다른 세상이 되어야 한다는 것을 보여주고 싶다고 했다. ""여성, 성소수자, 장애인 등 사회에는 다양한 구성원들이 존재하고 이 사람들이 단순히 윤석열 탄핵 뿐 아니라 그 이후 한국 사회가 다른 세상이 되어야 한다는 것을 지금 이 시기에 보여줘야 한다는 생각입니다."" 이들 여성 단체들은 7일 오후 2시 30분, 서울 여의도 국회 의사당 앞에서도 다른 시위대와 함께 윤 대통령의 계엄령 사태를 비판하며 '정권 퇴진'을 외쳤다. 이 자리에는 이들과 더불어 개별적으로 나와 함께한 개별 시민도 있었다. 중앙대 학생인 박지혜(22) 씨는 '기말고사'가 코 앞이지만, 나가지 않으면 부끄러운 일이라 생각해서 나왔다고 했다. 박 씨는 특히 '불법 촬영' 등으로 두려움을 느낄 수 밖에 없는 일상이 바뀌길 염원하는 마음이 있다고 했다. ""학교 화장실에도 '불법 카메라 점검 완료' 이런 스티커가 붙어있는데 여긴 안전하다고 쳐도 밖에 나가면 이게 어떨지 잘 모르겠습니다. 화장실 문 등에 구멍이 많은 걸 보면 상당히 신경을 쓰게 되거든요."" 박 씨는 ""윤석열 정부가 선거 때부터 여성 인권을 누르는 정책을 내세우면서 당선에 활용했던 것 같은데, 그 이후로도 이를 계속 이어나가는 게 여성으로서 이해하기 어려웠다""고 했다. 직장인 엄지효 씨는 이번에 처음 집회에 참석했다고 했다. ""예전에도 촛불 집회가 많이 있었던 것으로 아는데, 이제는 지금은 가만히 보면 안되겠고 조금이라도 목소리를내야할 것 같아서 왔다""고 했다. 그는 ""여성 관련 정책들을 지원해주는 것들이 사라지고 예산도 삭감되는 것들을 보고 부당함을 느꼈다""며 ""적어도 상식적인 사회였으면 좋겠다""고 말했다. 여성들의 유리천장 환경을 거론하는 목소리도 있었다. 집회 현장에서 만난 한 시민은 ""여초 직장에 다니고 있는데 이곳 업계가 대표자 같은 경우는 남성이 대부분""이라며 ""여성들이 고위직으로 승진하는 것이 굉장히 어려운 환경이라는 것을 말해준다""고 했다. 그는 ""여성들은 저임금에 시달리기도 하고 실제로 제도적으로 보장되지 않는 부분이 많다고 생각한다""고 말했다."
https://www.bbc.com/korean/articles/c8j98l3rd9ko;'대통령 도피' 시리아 내전 상황 핵심 정리;시리아 내전의 발발 원인은? 하야트 타흐리르 알샴(HTS)은 어떤 단체? 반군이 최근 공세를 재개한 이유 공세는 어떻게 진행됐나? 국제사회의 반응은?;"사진 출처,
AFP 시리아 반군이 13년간의 내전을 끝내고 다마스쿠스에 입성했으며, 바샤르 알아사드 대통령이 나라를 떠났다는 보도가 나왔다. 모하메드 알잘랄리 총리는 국가 통치의 연속성을 지원할 준비가 되어 있다고 밝혔다. 이는 이슬람 무장단체 하야트타흐리르알샴(HTS)과 동맹 세력이 시리아 북서부에서 대규모 공세를 시작한 지 불과 12일 만에 벌어진 일이다. 반군은 먼저 시리아 제2의 도시 알레포를 장악한 뒤 남쪽 고속도로를 따라 수도로 진격하면서 시리아 정부군을 붕괴시켰다. 2011년 아사드 정권에 대한 평화적 친민주 봉기가 전면적인 내전으로 번지며 시리아는 황폐해졌고, 지역 및 세계 강대국들이 이 내전에 개입하기 시작했다. 50만 명 이상이 사망했으며, 1200만 명이 집을 떠날 수밖에 없었고, 그중 약 500만 명은 해외에서 난민이나 망명 신청자로 살아가고 있다. 반군의 공세 이전까지는 아사드 정부가 러시아, 이란, 그리고 이란이 지원하는 민병대의 도움으로 주요 도시 대부분을 점령하며 내전은 사실상 끝난 듯했다. 최전선도 대체로 고착된 상태였다. 그러나 시리아엔 여전히 정부의 통제 밖에 있는 지역들이 많았다. 미국의 지원을 받는 쿠르드족 주도의 무장 동맹인 시리아 민주군(SDF)이 장악한 북부와 동부 지역이 대표적이다. 반군의 마지막 거점은 터키와 접한 알레포 및 이들립 주로, 400만 명 이상의 사람들이 거주하고 있었다. 이들 중 많은 수가 난민이었다. 이 거점 지역은 HTS가 지배하고 있었지만, 동맹 반군 세력과 여러 지하디스트 단체들도 기반을 두고 있었다. 터키의 지원을 받는 반군 세력인 시리아국민군(SNA)도 이 지역에서 영토를 통제했다. 이슬람 무장단체 HTS는 2012년에 '알누스라 전선'이란 이름으로 창설되었으며, 이듬해 알카에다에 충성을 맹세했다. 알누스라 전선은 아사드 대통령에 맞선 세력들 중 가장 효율적이고 치명적인 단체로 여겨졌다. 그러나 이들은 아사드 정권에 대한 저항보다는 과격한 지하디스트(이슬람 성전주의) 이념 설파에 중점을 뒀다. 때문에 HTS는 당시 자유시리아군(Free Syrian Army)으로 알려진 주요 반군 연합체와 대립 관계에 있는 것으로 여겨졌다. 그러던 2016년, 알누스라는 알카에다와의 관계를 끊었고, 이듬해 다른 세력들과 합병하면서 하야트타흐리르알샴(HTS)이라는 이름을 채택했다. 그러나 UN, 미국, 영국을 비롯한 여러 국가는 여전히 HTS를 알카에다 계열로 간주하며 종종 알누스라 전선으로 지칭한다. 미국은 이 단체의 지도자인 아부 모하메드 알졸라니를 국제 테러범으로 지정했으며, 그의 체포를 위한 결정적 정보를 제공하는 사람에게 1천만 달러의 현상금을 내걸었다. HTS는 알누스라와 이슬람국가(IS) 세력을 포함한 경쟁 단체들을 진압하며 이들립과 알레포 주에서 권력을 공고히 했다. 또한 이슬람법에 따라 영토를 관리하기 위해 소위 '시리아 구원 정부'를 설립했다. 졸라니는 금요일 CNN 인터뷰에서 ""혁명의 목표는 여전히 이 정권의 전복""이라고 밝히며, ""기관과 '국민이 선택한 의회'를 기반으로 한 정부를 설립할 계획""이라고 말했다. 사진 출처,
REUTERS 시리아 정부군이 이들립주를 되찾기 위한 시도를 이어가면서 이들립주에선 최근 몇 년 동안 교전이 이어졌다. 그러나 2020년, 터키와 러시아는 시리아 정부군의 이들립 탈환 시도를 멈추기 위해 휴전 합의를 중재했다. 이 휴전은 간헐적인 전투에도 불구하고 대체로 유지되었다. HTS와 동맹 세력은 11월 27일 ""공격을 억제하기 위해"" 공세를 시작했다고 주장하며, 정부군과 이란 지원 민병대가 북서부 민간인을 대상으로 한 공격을 확대했다고 비난했다. 이 공세는 정부가 수년간의 전쟁, 제재, 부패로 인해 약화된 시점에 이뤄졌다. 뿐만 아니라 정부의 동맹국들 역시 다른 분쟁에 휘말리며 지원이 줄어든 상황이었다. 전쟁 초기 반군을 몰아내는 데 중요한 역할을 했던 이란 지원 레바논 무장단체 헤즈볼라는 최근 이스라엘의 레바논 공격으로 큰 타격을 입었다. 또한 이스라엘의 공습으로 시리아에 있는 이란 군 지휘관들이 제거됐으며, 친정부 민병대의 보급선도 약화됐다. 러시아 역시 우크라이나 전쟁으로 인해 집중력이 분산된 상태였다. 이로 인해 아사드 정권의 군대는 고립된 상태에 놓이게 되었다. HTS가 주도한 반군은 공세를 시작한 지 불과 사흘 만인 11월 30일, 시리아 제2의 도시 알레포 대부분을 장악했다. 반군은 정부군이 병력과 치안 부대를 급히 철수하면서 현지에서 거의 저항을 받지 않았다고 주장했다. 아사드 대통령은 동맹국들의 도움을 받아 반군을 ""진압하겠다""고 다짐했다. 러시아 전투기는 반군이 점령한 지역에 대한 공습을 강화했고, 이란 지원 민병대는 하마 방어선을 강화하기 위해 증원 병력을 보냈다. 하마는 알레포와 다마스쿠스 사이에 위치한 주요 도시다. 그러나 며칠간의 치열한 전투 끝에 하마는 결국 현지 시간 5일 반군에게 함락되었고, 정부군은 철수를 감행했다. 반군은 즉시 다음 목표가 시리아 제3의 도시인 홈스라고 선언했고, 하루 만에 전투를 끝내고 7일 밤 홈스를 장악했다. 동시에, 요르단과 인접한 남서부에 기반을 둔 다른 반군 세력은 24시간 만에 데라아와 수웨이다를 점령하고 다마스쿠스 외곽에 도달했다. 미국 백악관은 조 바이든 대통령이 ""시리아 상황을 면밀히 관찰하고 있으며 지역 파트너들과 꾸준히 연락하고 있다""고 밝혔다."
https://www.bbc.com/korean/articles/czx550k3lnvo;윤 대통령 탄핵안 표결 앞두고 국힘 퇴장... 표결 지연;;"사진 출처,
뉴스1 윤석열 대통령의 탄핵소추안 표결이 지연되고 있다. 7일 오후 6시 17분부터 윤석열 대통령 탄핵소추안은 국회 본회의 표결이 시작됐지만 개표가 늦춰지고 있다. 의결 정족수 200명을 채우지 못하면 투표함 자체를 열지 못하기 때문이다. 대통령 탄핵안의 가결 요건은 헌법 65조 2항에 따라 '재적 의원 3분의 2(300명 중 최소 200명) 찬성'이 필요하다. 범야권의 경우, 총 192석의 의원 전원이 출석했지만, 윤석열 대통령 탄핵소추안 표결에서는 안철수 국민의힘 의원을 제외하고 퇴장했다. 김예지, 김상욱 국민의 힘 의원은 퇴장 후 다시 본회의장에 들어왔다. 우원식 국회의장은 국민의힘 의원들의 투표를 기다리며 ""이건 정파의 문제가 아니다. 대한민국 역사와 민주주의의 문제다""라며 ""국민의힘 의원들의 투표 참여를 촉구한다""라고 말했다. 우 의장은 또한 ""허약한 대한민국 민주주의 모습 보여줘서 세계의 평가가 훼손된다면 책임질 수 있겠느냐""라며 ""정말 혼신의 힘을 다해 국민의힘 국회의원들에게 호소한다. 투표에 동참해달라. 대한민국을 지키고, 민주주의를 지키는 일이다""라고 강조헀다. 한편, 국회는 7일 오후 본회의를 열고 윤 대통령 탄핵안 표결에 앞서 김건희 특검법을 재석 300명 중 찬성 198명 반대 102명으로 부결 처리했다. 범야권 의석수가 192석인 것을 고려하면 여당에서 최소 6표의 이탈표가 나온 것으로 보인다. 김건희 특검법은 재표결에서 부결돼 자동 폐기됐다."
https://www.bbc.com/korean/news-66760812;모로코 지진: 역대급 강진에 수천 명 사망...생존자 구조에 '총력';;"사진 출처,
REUTERS 모로코 중부 지역에서 규모 6.8의 강한 지진이 발생해 최소 2000명이 사망한 것으로 알려진 가운데 현지에선 생존자 구조 작업이 계속 진행되고 있다. 10일(현지시간) 모로코 내무부는 이번 지진으로 전국에서 2000명 넘게 사망하고 1400명 이상이 중상을 입었다고 발표했다. 특히 마라케시 남부에서 피해가 가장 심했다고 밝혔다. 모로코 왕 모하메드 6세는 사흘간의 국가 애도 기간을 선포했다. 미국지질조사국(USGS)에 따르면 이번 지진은 현지시간 9일 오후 11시 11분쯤 마라케시 남서쪽으로 71km 떨어진 아틀라스 산맥 근처에서 발생했다. 진앙은 북위 31.11도, 서경 8.44도, 깊이는 18.5km로 측정됐다. 첫 지진 발생 19분 후 규모 4.9의 여진이 일어나면서 피해가 잇따른 것으로 알려졌다. 인터넷에 올라온 영상에는 지진으로 흔들리는 건물, 파손된 건물과 잔해 사이로 놀란 사람들이 황급히 뛰어가는 모습 등이 담겨 있다. 사진 출처,
REUTERS 지역 주민들은 여진으로 도시 건물이 또다시 흔들릴 경우를 대비해 건물 밖으로 대피했다. 현지 주민들은 지진 직후 정전에 이어 통신선 마저 10분 동안 끊기면서 혼란이 이어졌다고 말했다. 연합뉴스에 따르면 한국 교민 피해는 아직 없는 것으로 파악된다. 오는 11일까지 현지에서 열리는 제10회 세계지질공원 총회 참석차 방문한 한국인 70여 명도 안전한 상태인 것으로 알려졌다. 이번 지진은 진원지에서 약 350km 떨어진 수도 라바트,카사블랑카, 에사우이라 등에서도 진동이 감지된 것으로 알려졌다. 이에 따라 지진 피해가 예상보다 더 클 가능성이 제기되고 있고, 정확한 사상자를 파악하는 데 적잖은 시간이 걸릴 것으로 보인다. 아프리카판과 유라시아판 사이에 위치한 모로코는 지진이 자주 발생하는 지역으로 꼽힌다. 지난 2004년 모로코 북동부 알 호세이마에서는 규모 6.3 지진이 발생해 600여 명이 숨지고 900여 명이 부상한 바 있다."
